<application>
  <component name="CodeInsightSettings">
    <option name="AUTO_POPUP_JAVADOC_INFO" value="true" />
    <option name="COMPLETION_CASE_SENSITIVE" value="2" />
    <option name="ADD_UNAMBIGIOUS_IMPORTS_ON_THE_FLY" value="true" />
    <EXCLUDED_PACKAGE NAME="com.akucun.common.*" />
    <EXCLUDED_PACKAGE NAME="com.sun.*" />
    <EXCLUDED_PACKAGE NAME="java.awt.*" />
    <EXCLUDED_PACKAGE NAME="scala.*" />
  </component>
  <component name="JavaCodeFoldingSettings">
    <option name="collapseOneLineMethods" value="false" />
  </component>
</application>